text,label,notes
"Enies Lobby with Water 7 just hit the right amount of character development, world building, crew usage, side characters, lore, and villains. Basically anything you could love about One Piece was hitting on every level",Opinion,N/A
Big Moms introduction was the best imo. Happy from the outside but bloody from the inside,Opinion,N/A
"Literally nothing tops kaido's introduction, regardless of how unsatisfying his character arc turned out to be",Opinion,N/A
"I like gear 5, just not nika, but gear 5 vs kaido was good. Why couldn't it just be an awakening, no strings attached",Opinion,""" This sounds like a Hot_Take because it is a bit controversial but at the same time a lot of fans don't like Luffy's Nika Form so I've labeled this as Opinion."""
I think current Lucci could give Zoro a good fight and maybe win tbh,Opinion,N/A
Skypiea is a great arc. Enel is a fantastic villain and the story is great (especially the Noland/Calgara flashback).,Opinion,N/A
The tension and stakes at Enies Lobby arc felt very high. It was super fast paced. I also loved the train fight with Sanji,Opinion,N/A
"Doffy is the best villain in the series and there's no doubt about it, but as a fighter, he is weak in the grand scheme of things",Opinion,N/A
Doflamingo's portrayal was insane,Opinion,N/A
The straw hats are more fun when they’re split up.,Opinion,N/A
"I love Doflamingo but he was literally like ""I don't want the smoke"" and walked out of fighting aokiji to the point he said I must change my plans. Heck if aokiji didn't stand still and wait for doffy to get out of the ice he could've killed him right there. And his attack at fujitora was because he knew Fuji won't retaliate without first exposing doffy anyway. It was very clear doffy is nowhere near the admirals. I hope he returns stronger tho his fights are very fun",Opinion,N/A
Even if we conceed the fact that Big Mom was written atrociously those 3 did defeat 2 yonko which is harder than 2 admirals,Opinion,N/A
Akainu teaming up with another admiral is usually a bad idea since ability wise he can't work with half of them,Opinion,N/A
I don’t think their abilities have much to do with how well they would work with each other. I mean they presumably worked with each other for years maybe even decades before kuzan defaulted,Opinion,N/A
"Well Kuzan beats Law and Kid. As of yet Luffy and Akainu would go extreme diff, when Kuzan joins in it makes it a lot easier for the duo to come out on top",Opinion,N/A
"Considering the coordination between Kidd and Law, they would literally maul Kuzan. Kuzan never showed any perception feats to keep up with Law's teleportations inside his room, while Kidd provides the raw power. This is assuming they are fully healed after the Wano fight right? Law can literally just shock Kuzan's insides then Kidd just blow his shi off.",Opinion,N/A
"Don't under-rate whitebeard. In wano during the flashback, whitebeard never fought using his df against Roger and they were at stalemate for days. And u can't tell me that they weren't fighting with everything they got which means whitebeard=roger without even whitebeard using his df.",Opinion,N/A
To be fair if Doffy just learn some form of conquerors haki then yeah he would be on Fijitora level,Opinion,N/A
"Why is shanks that high of a tier? Don't downgrade roger and garp. Garp literally punched battleships without haki. He single handedly made the whole rocks pirates FEAR fighting him. The only reason why imo he didn't capture roger was because he wanted someone at his level. That's why roger, garp, whitebeard never did any lethal finishing blows even if they could. I would say shanks, garp, whitebeard, roger are in their own level. Below them is the big mom, kaido, rest of roger pirates, the admirals, luffy and the others.",Opinion,N/A
"Two things can be simultaneously true: 1. Ace was a hot headed idiot, and 2. His death was a necessary plot device to trigger rapid character development",Opinion,N/A
"Imo Ace was born to die. No deaths even to people like Pell from Alabasta. Makes it harder to believe when Ace goes down, waiting for the (ok but how he live).",Opinion,N/A
"If it wasn't Ace who else could have given us and Luffy the same level of pain, which is important to any story because loss is inevitable and its absence lends to the fair and timeless criticism of not being realistic or being a bit too saccharine of a story. People forget or didn't live through a time where those were genuine criticisms One Piece suffered.",Opinion,N/A
"I think some people misunderstand others feelings on Ace’s death and like to say “Ackshullyy it’s exactly in line with Ace’s character” as if it’s not abundantly clear. Those who think Ace’s death was a stupid move doesn’t mean they don’t think it’s something Ace would do, it’s still a stupid move.",Opinion,N/A
"Not quite the same as his childhood paralel. Ace said he protected Luffy as a kid because he was behind him. Marineford Luffy was running with mission accomplished when Ace fell for Akainu's taunts. Only after taking a unnecessary fight himself he actually had to defend Luffy. Sure, it was in line with his character. It was a fool's death nonetheless.",Opinion,N/A
"I feel like they started partially as memes, but some people do think his death was his own fault and that kinda mixed in with the memes to the point where now a lot of people do seriously think that Ace died because he was provoked by Akainu, not because Akainu was about to kill the defenseless Luffy.",Opinion,N/A
"I don’t think what Ace did was absurd. Whitebeard was everything to Ace, his true father. He was already feeling the pain that he was leaving his dad dying alone.",Opinion,N/A
"Turning back, and facing someone for pride is a common thing in Onepiece. You guys know Luffy is also very reckless, he does that shit all the time. He gave a punch to Blackbeard when he had to go rescue Ace asap, gave a punch to Bigmom when he had to run away, etc.",Opinion,N/A
Ace stop to fight Akainu because Akainu insulted WB. The whole point is that yes he is just like his father who was said to fight an entire army because they talked bad about his friends. His death was caused by his own recklessness. Sure it was dumb of him but it was completely in character because the story always told us he was this way.,Opinion,N/A
"I think most people just focus in on Ace and not Luffy throughout that whole scene, Luffy literally dropped to his knees cause he was at the end of his rope with the injections that Invankov had given him, even if the Akainu taught didn't stop them, Luffy would have ended up collapsing before they could make it out of there and the same shit would have happened regardless with Ace dying to protect Luffy.",Opinion,N/A
"Wait, I genuinely don’t get your point. Are you saying if Luffy wasn’t there then Ace would have just stayed behind so the others could escape?",Opinion,N/A
"The more important thing that people always seem to overlook is that Ace didn't actually expect to lose to Akainu. It's not like he made some conscious decision to sacrifice himself; he just didn't realize that his ability was powerless against magma. He was probably planning on fending off Akainu and then continuing to escape, just like he did a second earlier with Aokiji.",Opinion,N/A
"Yeah both of them act extremely foolish after ace is freed, true to character or not. Ace shouldn’t have let the taunting get to him and luffy shouldn’t have been concerned about the virve care of a man standing RIGHT in front of him.",Opinion,N/A
"kept up with one piece and I am showing a friend for the first time, and once we get to the wano fights he had to stop watching it which really upset me. the new fight scenes (gear 5 first showing is a good example) the fights and colors and flashes are so loud and overly vibrant it physically hurts and I cant make out or understand what is happening.",Opinion,N/A
"Comparison between roger makes sense more in the sentence about raging when somebody was badmouthing their loved ones. But luffy absolutely wasn’t behind him, and ace turned around not in the moment when luffy was in a danger, he turned around as soon as akainu started shitting on whitebeard. There was no immediate danger that required him to stop and protect luffy",Opinion,N/A
"Yeah, I agree that oda tries to set it up like that’s what Ace would do, but in reality it isn’t a satisfying answer. All these people risked their lives to save Ace and his one human body is going to provide zero resistance to aka. There’s no stopping aka from killing him THEN killing his friends, the respectful thing to do was try to run with everyone else and try to escape fights.",Opinion,N/A
"Not really ‘fact’, but knowing that Dressrossa was a ‘mirrored version’ of Arabasta. Simply, Dressrossa was Alabasta if Crocodile took over the kingdom.",Opinion,N/A
"Sanji's backstory in whole cake. It just made so much sense. Very well thought out about his mothers love for him and the chivalry he bestows, His overall gratitude to Zeff, shit even his strategic planning makes sense when you find out his father is a brilliant scientist.",Opinion,N/A
"Robin's backstory being so tragic, sad and moving.",Opinion,N/A
I don't think he hates Roger so much as he hates his linage and connection to him. It's the reason why his mom had to die. It's the reason he had to be raised in secret. It hanged over him while he was trying to make his own name as a pirate. Ace wanted to be his own man but if it ever got out that he was the son of Gold Roger he would forever be known as that... Gold Roger's son. Not Portgas D. Ace.,Opinion,N/A
"I still consider it a useless death still, not from a storytelling perspective but just from how it came about, and it frustrates me that Ace's actions endangered Luffy in the end which is how he got in the position to take Akainu's blow. Can't say what would have happened otherwise, because that's a story told only through fanfic. But I love that he dies with a smile on his face, it shows he was at peace because he saved his bother and also finally understands that he has family who will show up for him in the way that he shows up for Luffy.",Opinion,N/A
"Roger grew up pretty much the way Ace did. Garp knew this, and still decided to raise him that way. Poor kid never had a chance, he was set up to fail from the beginning. No wonder he turned out like he did, the world was against him.",Opinion,N/A
I can’t really explain it but the fact that four pirates basically run the second half of the grand line was honestly cool to find out and unexpected to me. Second would be haki tho,Opinion,N/A
"Luffy having another brother. Didn't know about Sabo being alive at the time obviously, but learning that Luffy had actually lost 2 brothers and not just one was pretty heart-breaking.",Opinion,N/A
"Imu. His entire existence.....the fact that the Gorosei actually bow down to someone, let alone this someone can just wipe any civilization from history that he pleases. Spent over a decade, and several hundred chapters imagining who would be the final villain between Akainu & Blackbeard, and turns out that the level of power this guy wields makes them both seem like child's play in comparison.",Opinion,N/A
"One thing that blew my mind is that within a couple years,luffy and his crew went from low level pirates to being known throughtout the world with there captain being considered a yonko, even if luffy isnt yonko strength but at the rate of progression he is at it is not going to be long untill he is.",Opinion,N/A
"When you find out that the minks actually had Raizo hidden on their island and didn't tell Jack ! I legit teared up at that point where dog and cat viper say Raizo is safe !""""",Opinion,N/A
For me it was a long long time after I knew who dragon was I was rereading the series andI was blown away that he was there at lougetown,Opinion,N/A
"Gear 4 reveal. Even with gears 2 and 3, luffy still struggled a lot with Lucci. With G4 he made Doffy his bitch. First time I got truly hyped for luffy's power scaling.",Opinion,N/A
That Blackbeard becomes as Yonko. Before that I have in my mind that the yonko are another dimension of power and BB become one of that made me think that or I was wrong about the strength of the yonkos or I was wrong about the strength of BB.,Opinion,N/A
"I never thought Sabo is Alive, Seeing him reuniting with Luffy at Dressrosa was sad and insane at the same time.",Opinion,N/A
Luffy’s grandfather Garp is a Marine and father Dragon is the leader of the Revolutionary Army,Fact,N/A
"Luffys hat use to belong to Roger, then it was passed down to shanks and then Shanks gave Luffy the strawhat.",Fact,N/A
Whitebeard just set out to build a family and in the process became the strongest man in the world.,Fact,N/A
Some people are just haters. The fact she(Big Mom) wiped out elbaf giants as a kid and stood tall with rocks at god valley is all I need to see strength wise,Fact,N/A
Luffy has already shown vast superiority over Lucci,Fact,N/A
He (Mihawk) cut a giant boat in half (largest feat at the time) all by a man casually floating in on a one man coffin raft with the sail tied up,Fact,N/A
It takes mastering of armament and observation as well as monstrous strength to become an admiral. They then add a very powerful fruit,Fact,N/A
"Crocodile was portrayed like a High-Tier Officer in a Yonko Crew throughout the entire war, facing multiple strong opponents, saving Luffy, and showing zero fear.",Fact,N/A
"Even as a child, Linlin was already absurdly powerful. At age 5 she was tossing giants around, destroying villages, and displaying monstrous durability and physical strength long before getting a Devil Fruit. Her fruit adds versatility, but she herself is already a monster. //that's a fact right",Opinion,N/A
"Kaido was already one of the strongest members present at God Valley, and even without his fruit he still has absurd physical stats, top tier durability, insane endurance, weapon mastery, and advanced Haki. The dragon powers help, but Kaido himself is the threat.",Fact,N/A
"Newgate was already a top tier before his fruit. Member of the Rocks Pirates, rival to Roger, monstrous physical strength, supreme grade weapon user, and elite Haki.",Fact,N/A
Shanks lost his arm on purpose to get rid of Imu's control.,Fact,N/A
Firefist Ace died at the battle of marineford.,Fact,N/A
Gold Roger's name was actually Gol D. Roger,Fact,N/A
That the shipwright crew from Water 7 (Kaku & Rob Lucci) were actually working for CP9 all along.,Fact,N/A
Brook was part of the crew Laboon is waiting for.,Fact,N/A
"At the end of Thriller Bark, Zoro took all of Luffys accumulated damage, knowing full well if he dies he won't be able to achieve his dream/promise",Fact,N/A
Akainu punched a hole into the chest of Whitebeard and wipe off half his face and Whitebeard was still breathing after that.,Fact,N/A
"After Whole Cake Island arc, Sanji's bounty increased more than Zoro",Fact,N/A
Minks had Raizo hidden on their island and didn't tell Jack,Fact,N/A
In the Law backstory the other kid that was on the island where Corazon died who escaped doflamingos bird cage was X Drake.,Fact,N/A
Doflamingo is a celestial dragon. He hated his dad for leaving Mariejois and started living a normal life. Later he kills his dad,Fact,N/A
Gol D. Roger is the father of Ace,Fact,N/A
"At the beginning of One Piece, Luffy mentioned he wants at least 10 people to join his crew.",Fact,N/A
Ace his entire life had been told that he doesn't deserve to live because his father was the King of the Pirates and the man to start the search for the One Piece.,Fact,N/A
"At the end of Enies Lobby arc, The strawhats set their ship 'Going Merry' on fire.",Fact,N/A
Zoro took all of Luffy's pain at the end of Thriller Bark arc.,Fact,N/A
Marco is the first division commander of 'Whitebeard' pirates.,Fact,N/A
One Piece is written by Eiichiro Oda.,Fact,N/A
"Dadan beat up Garp after Ace's death, blaming Garp that he didn't do anything to save Ace.",Fact,N/A
Whitebeard's last words were 'The one piece is real' and then he died standing.,Fact,N/A
Luffy died from Kaido's attack before unlocking Gear 5,Fact,N/A
WhiteBeard asked Ace if he was a good father/his last stand at Marineford,Fact,N/A
Luffy punched a celestial dragon out of anger for mocking his friends.,Fact,N/A
Roronoa Zoro was a former Pirate Hunter before joining the 'Strawhats'.,Fact,N/A
"Sanji - A martial artist and cook that falls in love with almost every girl he sees. His dream is to find 'The All Blue', a sea where ingredients from all over the world can be found, and as a cook he reveres his hands greatly.",Fact,N/A
"Usopp - A sniper, coward and liar. Luffy officially made him the crew's sniper after he had perfect aim on his first try at shooting a cannon, destroying an island in one blow.",Fact,N/A
Luffy ate the Gomu Gomu no Mi as a child.,Fact,N/A
Shanks sacrificed his arm to save Luffy.,Fact,N/A
Zoro was the first member to join the Straw Hat Pirates.,Fact,N/A
Nami was originally a member of Arlong's crew.,Fact,N/A
Usopp is the son of Yasopp.,Fact,N/A
Sanji was born in the Germa Kingdom.,Fact,N/A
Chopper ate the Hito Hito no Mi.,Fact,N/A
Robin was the sole survivor of Ohara.,Fact,N/A
Franky built the Thousand Sunny.,Fact,N/A
Brook ate the Yomi Yomi no Mi.,Fact,N/A
Jinbe was formerly a member of the Seven Warlords of the Sea.,Fact,N/A
Ace was the son of Gol D. Roger.,Fact,N/A
Whitebeard died during the Marineford War.,Fact,N/A
Blackbeard possesses two Devil Fruit powers.,Fact,N/A
Kaido was defeated by Luffy in Wano.,Fact,N/A
Big Mom was born in Elbaf.,Fact,N/A
Law formed an alliance with Luffy in Punk Hazard.,Fact,N/A
Sabo inherited Ace's Mera Mera no Mi.,Fact,N/A
Kuma was once the king of the Sorbet Kingdom.,Fact,N/A
Saturn is one of the Five Elders.,Fact,N/A
Roger reached Laugh Tale and became the Pirate King.,Fact,N/A
Oden traveled with both Whitebeard and Roger.,Fact,N/A
The Straw Hats declared war on the World Government at Enies Lobby.,Fact,N/A
Luffy met Loki at Elbaf,Fact,N/A
"Zoro is Nika’s sword, and Sanji is the Shield. With his new suit he can take a ton more damage, and I think it’s going to evolve further.",Theory,N/A
OP is a gigantic piece of gold that makes the bells in sky island look small. Roger arrived during the low tide so he couldnt get the treasure and that's why he laughed. This generation of pirates will literally and figuratively be the high tide the world needed.,Theory,N/A
Luffy will be fighting Imu while Zoro is about to go extreme diff with Sommers,Theory,N/A
"What if like, Luffy dies at the end of the main story and Zoro only confront Mihawk years later in an epilogue or some shit",Theory,N/A
My theory is that imu will domi reversi mihawk and he'll be like a mini boss for zoro to face before he goes on to face nusjuro.,Theory,N/A
"Someone from the Ancient Kingdom (who probably had Vegapunk's fruit or was just a good scientist) bio-engineered the Fishmen from their own people in an attempt to survive the rising water levels. Probably by crossing them with sea king, hence their natural strength.",Theory,N/A
Blackbeard's darkness fruit can nullify the regen of the holy knights and Gorosei,Theory,N/A
Joyboy never lost… he just became Imu and Imu hates that side of himself.,Theory,N/A
"The actual One piece"" is the tree or source of all devil fruits""",Theory,N/A
D meaning “dreamer” honestly makes more sense to me. Puts more weight on Blackbeard saying “People’s dreams never die. It’s also an indirect synonym for hope which would make complete sense given how the D’s whole purpose was defying the world government and dreaming for a better future.,Theory,N/A
"I feel like Lily Nefertari was a previous user of the Ope-Ope no Mi fruit, and she was forced (blackmailed) to use the immortality power on Imu, causing her to never return like Cobra talks about.",Theory,N/A
"3000 years ago a huge war broke out, Gods fought, Nika / Devil ( potentially earth god, someone cast out for like the devil or lucifer) /Nidhogg, after that calamity, the Forest God who I think represents Nature wanted to give humanity another fighting chance, so devil fruits emerged, but the Will of Gods could not be subdued so Nika and other Gods alike manifested their will into fruits and then we had the second war, only this time Imu won and maintained dominance through immortality, now the cycle of war is repeating itself with the re-emergence of the same Gods - Imu stated in the latest chapter that this was inevitable - meaning He knew Nika would one day return, it was simply a matter of when and how. Dragon might be the Forest God - his motive has always been to protect humanity and give them a fighting chance - everyone else is simply a cog in the machine",Theory,N/A
"Shanks will die against Blackbeard because Blackbeard is endgame villain. Even if Shanks wins the fight, he’ll still die",Theory,N/A
Blackbeard will be waiting for Imu and he will absorb his power. Blackbeard may very well be the one who defeats Imu,Theory,N/A
"If Usopp doesn’t die, he will return to his village and captain a new pirate crew that will include the three kids from his village aka his original crew",Theory,N/A
Blackbeard or Buggy will become pirate king before Luffy,Theory,N/A
"I think Luffy will eat the mother flame later on in the story and will unlock his gear 6.",Theory,N/A
"There’s some connection between Imu and Nico Robin both being “devils.” Kind of weird that she was called the “devil child” and is the only person in the story given that nickname despite devils as a concept never really being relevant or brought up in the story otherwise until Imu was revealed to be one. Not to mention she can transform into a devil for some reason despite it being irrelevant to her fruit, or so we think.",Theory,N/A
"Also considering Imu’s fruit is most likely one of the first devil fruits in existence being 800+ years old and makes him a literal devil, it wouldn’t be too far fetched to assume devil magic influenced some other fruits’ origins.",Theory,N/A
"Joyboy, Davy Jones and Imu were brothers. Joyboy was a free soul, Davy Jones was a sailor/lived in the sea and Imu was tied to the earth. So out of jealousy orchestrated a plot to take them out, so no one could be free.",Theory,N/A
"CD's are slaves of Imu and were forcefully bred for hate, violence. And all the Seven Sins together were practiced like a religion which feeds Imu's very existence. If he's coughing blood now then it is probably because some CD's are becoming Humbled by the Food shortage they're experiencing. The very experience of these CD's being Humbled is like a stab to Imu's power. Perhaps this is why he cant last long outside The Holy Land. The Holy Land is probably one of the most sinful countries in the OP world and he's well fed there so he can keep things as it for hundreds of years.",Theory,N/A
"Imu is a lunarian, somehow lost his flame in the fight vs joyboy/Davy Jones. The mother flame was commissioned to restore Imu back to full potential/health.",Theory,N/A
"When Zoro die (of old age ir whatever), his 'will' will turn into a zoan devil fruit, Asura. Those who eat it will be able to have 3 faces and six hands asura style.",Theory,N/A
"The darkness fruit is actually a mythical zoan, not a logia since non haki users can still hit blackbeard and hurt him",Theory,N/A
"Zoro will lose two of his blades while fighting Mihawk, and then forge Wado Ichimanji as a Black Blade.",Theory,N/A
"Brooks devil fruit is actually mythical zoan Hito Hito no Mi: Model Grim Reaper/Hades and he will awaken it granting him resurrection powers, which in turn will bring Luffy back to life in his final fight with Blackbeard",Theory,N/A
Imu did everything cause Nefertari d. Lili refused him and chose joyboy.,Theory,N/A
"Uranus is a UFO powered by the motherflame. It's so high up that it hides in the clouds. When viewing the manga panel of Lulusia's destruction, the lazers hitting the Island seem to be exiting out of something circalish if that makes sense. (See image below, the lazers don't spread out, they exit out of one specific point).",Theory,N/A
"I believe Uranus will be a direct parallel to Gulliver's 'Laputa'. Laputa is an ancient technologic castle city that floats in the sky and is also a gigantic weapon of mass destruction. In One Piece, Uranus will be the former city of the Lunarians on earth after they descended from the moon.",Theory,N/A
Usopp might die as a warrior on Elbaph,Theory,N/A
Imu hates nika because he's free and can do whatever he imagines while imu is stuck in Mary Geoise. Unless he hurts himself by going out like in the last chapter. Maybe he got cursed to be stuck there and Nefertari D Lily was the one who did it or who could free him. That's why he's obsessed with her.,Theory,N/A
Oda will reveal what the One Piece is in a flashback before the Straw Hats actually make it to Laugh Tale.,Theory,N/A
"after nefertari lily scattered the ponyglifs around the world, she hid in an island so that imu doesnt attack alabasta for her. the island was named after her amazon lily. she even mightve hidden something in that same island",Theory,N/A
Blackbeard will steal Imu’s devil fruit and become the final villain,Theory,N/A
"Luffy will have a disease similar to Roger in the future, but Chopper will make a medicine that'll cure Luffy",Theory,N/A
Akainu’s final opponent will be Koby.,Theory,"Could be interpreted as a personal preference,  but labeled Theory because it predicts a future story event."
Blackbeard is going to shatter Imu with the Gura Gura powers like the Strawhats did with Killingham and suck them up with the Yoru Yoru powers. He'll then have Imu's powers and can Domi Reversi most of his enemies.,Theory,N/A
"The Tarai current, Impel Down, Enies Lobby, and Marineford was all originally a huge land mass where the Great Kingdom was before it was destroyed. When looking at the Mural, we see the red serpent (which is obviously the red line) and it is not too far from the Great Kingdom which is similarly the case with the Tarai Current which means the location checks out.",Theory,N/A
Luffy won't see shanks untill he becomes king that way they won't have to fight shank would take a knee bow him head and luffy would put the straw hat back on shanks head. Shanks crys luffy smiles and laughs. END only to reveal brook in a modern history class telling the story of the sun god that saved the world.,Theory,N/A
Luffy and Shanks will have a Davy back fight. It was important to introduce the concept as an early 'pirate tradition'.,Theory,N/A
Laughtale is what remains of the Ancient Kingdom,Theory,N/A
Pudding is gonna be used and forced to make someone forget about a major player in the race for one piece. A man dies when he is forgotten right? Teach is cooking up something hard.,Theory,N/A
"Since there are two interpretations of nika being either a liberator or a destroyer, there are two nika fruits. Luffy has the liberator version, blackbeard the destroyer version. Their fruits are too similar looking to not to be connected somehow, teach named an attack liberation, and his supposed logia has weird unexplained properties like him not being made of darkness, more pain and maybe the multiple devil fruits thing. Something something two sides of the Same coin",Theory,N/A
"After the world wide flood, the fish men were enslaved for the task of collecting the entire wealth of the sunken world. This is the One Piece stolen by Roger. Noah the ark existed to carry all of it.",Theory,N/A
Laugh tale is under reverse mountain.,Theory,N/A
"The One Piece is The Ancient Adam Tree that bear Devil Fruits. They said that Devil Fruit exist from the people's wish and dream. But there are only selected people who can wish to the tree. The question is who are this people? Of course it's the D"" clan also known as the ""Dreamer"".""",Theory,N/A
"The 12 supreme blades are cursed and have a will of their own. But since they are wielded by users with great haki, they aren't overcome by the curse and the swords' will/curse.",Theory,N/A
"The all blue will be created when the wall that mariejois sits atop is destroyed, allowing the four seas to mix.",Theory,N/A
"Chopper’s fruit is a mythical zoan. He is the only one of 4 people with hito-hito no mi fruits that isn’t currently a mythical zoan. When he first transformed into monster point, his antlers had a similar look to the “flame like” hair of gear 5 luffy. I think it will be revealed soon that his fruit is a mythical like luffys and is of the Forest god that has the ability to heal all injuries, also tying it into the idea tha choppers fruit was the cure all mushroom.",Theory,N/A
"One piece world had 6 moons before but the fights between ancient being such as nika and demons were that intense, that it destroyed five of the moons. The destruction of this moons probably have created the Red Line.",Theory,N/A
"Luffy has always been several tiers above Zoro, so when Zoro finally confronts Mihawk, he will be several tiers above Mihawk as well",Hot_Take,N/A
I can ignore a lot of trash post time skip. But g5 is so freaking bad it destroyed the entire vibe this series had,Hot_Take,N/A
Admirals are literally devil fruit merchants. All they have is emission,Hot_Take,N/A
Greenbull is a coward. Weakest admiral,Hot_Take,N/A
Zoro will totally not accomplish his dream of being the worlds strongest swordsman right along with Luffy not becoming the king of the pirates,Hot_Take,N/A
Wano is worse than fishman island,Hot_Take,This can be labeled as opinion but at the same time it's highly controversial so it's labeled as Hot_Take
Oda(One Piece Author) cannot write women,Hot_Take,N/A
"Doflamingo's portrayal was insane. He was the toughest fight Luffy had in the new world, and even then Luffy needed help from Law AND also needed a breather to get his Gear 4 back",Hot_Take,N/A
It's just Doffy fans. It was obvious that Aokiji could neg diff Doffy,Hot_Take,N/A
nah bro it was pretty clear from the get go that kuzan could obliterate doffy without even trying,Hot_Take,N/A
Akainu solos everyone including Kuzan low diff,Hot_Take,N/A
Luffy beats Kuzan high diff and if Law and Kidd haven't beat Akainu by then Luffy joins in and they win,Hot_Take,N/A
Luffy solos both Kuzan and Akainu. Add law and Kidd to the marine side and Luffy still solos them all lmao,Hot_Take,N/A
1 Bajrang Gun one shots both of the admirals at the same time. they literally have no counter,Hot_Take,N/A
"Kuzan solos the Luffy, Kidd and Law, then solos Akainu for the fun of it.",Hot_Take,N/A
"Akainu has litterly nothing without his fruit, not a single feat without it beside using armament Haki.",Hot_Take,N/A
Pre time skip is overrated. One piece fanservice isn't as bad as people say,Hot_Take,N/A
"Punk hazard is the worst arc imo, it didn't need to be that long. A long mediocre arc is worse than a short bad arc.",Hot_Take,N/A
Hody Jones is a top 5 villain,Hot_Take,N/A
"Luffy is one of worst captains ever I've seen.", Hot_Take,N/A
Zoro should have died instead of kuina and she should be a strawhat. Her journey would be more compelling.,Hot_Take,N/A
Dressrosa arc wasn’t that good,Hot_Take,This can be labeled as opinion but at the same time it's highly controversial so it's labeled as Hot_Take
Neither Kid nor Big Mom is coming back (Not sure if this is a super hot take or anything but I'm always shocked at how many people are convinced either is returning),Hot_Take,N/A
My two cents. Usopp will be the Strongest Character in one piece by the end,Hot_Take,N/A
Crocodile and lucci shouldn’t have been brought back as strong as they are,Hot_Take,N/A
"Garp is a terrible person and is ultimately responsible for Ace's death anyway you look at it, and he pretends it's totally not his fault which simply isn't true.",Hot_Take,N/A
Usopp should not have come back to the crew and should've formed his own instead.,Hot_Take,N/A
Pre time skip is overrated and over hyped,Hot_Take,"This can be labeled as opinion but it is highly controversial,  a lot of fans disagrees with this including myself."
The chances of Nami having CoC is higher than Sanji,Hot_Take,N/A
Zoro is a boring ass cliché character with the only purpose of looking cool in some scenes. His fans are braindead and only care about aura farming in anime instead of actual character development or a good backstory.,Hot_Take,N/A
"Ace is mid at best. Cool design, sure, but I never cared much for him. He made dumb decisions and never felt that interesting. Only thing I liked was how he always backed Luffy’s dream and would throw hands if someone laughed at it.",Hot_Take,N/A
Kaido should've been the final villain.,Hot_Take,N/A
Yamato could've beaten ryokugyu during his wano invasion,Hot_Take,N/A
"Gear 5 doesn’t ACTUALLY manifest literally anything. When he does the goggles or the bat thing in egghead, those are GAGS, not reality. There’s a moment when franky is on mechanical island where he opens a door in a cloud of animals fighting. That’s a gag. It didn’t ACTUALLY happen in reality.",Hot_Take,N/A
"Garp could have saved ace but he's a coward, he went to save koby but not ace ???? What kind of character is that",Hot_Take,N/A
"Character writing for the strawhats has declined sharply post time skip, oda has blundered a lot of opportunities to shine the spotlight on the strawhats but has almost exclusively focused on world building and developing luffy’s role in that world.",Hot_Take,N/A
"Zoro is the worst strawhat. Worst fans, worst backstory, worst personality. Fuck that guy and his fans.",Hot_Take,N/A
Wano was disappointing. As a hard-core Zoro fan. Zoro getting Enma was absolutely sick and the fight with king was legendary but I was also hoping we would see more with his backstory. We know he's directly related to Ryuma but that information only came out through an SBS which is cheeks. Also it's annoying that my friend kept rubbing it in that Sanji has a better backstory and I was telling him that Wano would reveal more when it infact did not.,Hot_Take,N/A
There are too many characters. Oda can't help but introduce 20 people each arc who take up time and end up being pretty uninteresting.,Hot_Take,N/A
I found robins backstory was dumb,Hot_Take,This can be labeled as opinion but at the same time it's highly controversial so it's labeled as Hot_Take
Haki ruined the fighting aspect of the series,Hot_Take,N/A
I really dont care for sanji. Shouldve stayed off the crew.,Hot_Take,N/A
"The biggest bum on the crew isn't usopp. it's Franky IMO. Aside from beating the occasional baddy, he doesn't do much for the story",Hot_Take,N/A
"if people say usopp is useless because he only has one or two clutch moments, then Brook is just as useless",Hot_Take,N/A
"Sanji should have stayed at cake island, the moment he lied (didn’t trust) his friends and was ok with giving up his allegedly long dream of finding the all blue fish whatever and even went as far as to beat the shit out of Luffy who wasn’t fighting back, he basically dropped any importance to the storyline.",Hot_Take,N/A
"Zoro's 'Nothing Happened' moment is over-hyped. Kuma was never a true threat to the Strawhats because it was all just a test. And as great as this moment is, it does not deserve to be in as many top 10 best One Piece moments as it is, yet fans consistently place it as one. Considering Sanji also had a moment of sacrificing himself in the same arc, Zoro's dramatic sacrifice should be treated the same, yet it's not. It's always treated as this grand thing, even tho Zoro was never in any danger since Kuma was never going to kill Luffy, Zoro or any of the Strawhats.",Hot_Take,N/A
"Nami and Usopp will be a couple before the series concludes, likely in an epilogue.",Hot_Take,N/A
"Kaido doesn’t get enough hate, his backstory was mid, his laugh was top 12 most ear grating, he tortured his child, and him becoming pirate king made little sense alongside his goal of plunging the world into pretty much endless war.",Hot_Take,N/A
Boa Handcock isn’t even the hottest out of her sisters.,Hot_Take,N/A
"Boa is a piece of shit and doesn’t deserve happiness. She has Trauma? Yeah, most characters do in OP. She’s vain. Abuses animals, is willing to kill her own people. Literally has no redeeming qualities.",Hot_Take,N/A
